round,client_0,client_1,client_2
1,0.06169975736323977,0.14856565625267104,0.001996571274269627
2,0.018259514106437565,0.051097878347383816,1.3542288349754017e-05
3,0.01151571941479051,0.033192160936305296,7.189368742956504e-06
4,0.00790919339078391,0.023766662877664203,4.933138144593841e-06
5,0.00541776132675659,0.01754262337523687,3.123219557977564e-06
