round,client_0,client_1,client_2
1,98.52985298529853,94.56945694569457,86.61866186618661
2,98.73987398739874,97.44974497449745,86.61866186618661
3,98.46984698469846,98.13981398139813,86.61866186618661
4,98.70987098709871,98.40984098409841,86.61866186618661
5,99.12991299129914,98.61986198619861,86.61866186618661
