round,client_0,client_1,client_2
1,0.04802313003732327,0.20265002679912456,1.8623109058070757
2,0.03474851361520769,0.07836044816556785,1.9987351918826104
3,0.0384327507113432,0.052586237198917404,2.08792012028752
4,0.03251673526625478,0.042955032232337084,2.2109063282973067
5,0.025568828444637575,0.03764240645543716,2.3796966031187026
